<?xml version="1.0" encoding="UTF-8"?>
<configurationDescriptor version="97">
  <logicalFolder name="root" displayName="root" projectFiles="true" kind="ROOT">
    <logicalFolder name="HeaderFiles"
                   displayName="Header Files"
                   projectFiles="true">
      <logicalFolder name="f1" displayName="Class_H" projectFiles="true">
        <itemPath>Circle.h</itemPath>
        <itemPath>Coin.h</itemPath>
        <itemPath>Date.h</itemPath>
        <itemPath>DivSale.h</itemPath>
        <itemPath>Fuel.h</itemPath>
        <itemPath>Inventory.h</itemPath>
        <itemPath>NumDays.h</itemPath>
        <itemPath>Odom.h</itemPath>
        <itemPath>Populus.h</itemPath>
        <itemPath>Time.h</itemPath>
      </logicalFolder>
    </logicalFolder>
    <logicalFolder name="ResourceFiles"
                   displayName="Resource Files"
                   projectFiles="true">
    </logicalFolder>
    <logicalFolder name="SourceFiles"
                   displayName="Source Files"
                   projectFiles="true">
      <logicalFolder name="f1" displayName="Class_CPP" projectFiles="true">
        <itemPath>Circle.cpp</itemPath>
        <itemPath>Coin.cpp</itemPath>
        <itemPath>Date.cpp</itemPath>
        <itemPath>DivSale.cpp</itemPath>
        <itemPath>Fuel.cpp</itemPath>
        <itemPath>Inventory.cpp</itemPath>
        <itemPath>NumDays.cpp</itemPath>
        <itemPath>Odom.cpp</itemPath>
        <itemPath>Populus.cpp</itemPath>
        <itemPath>Time.cpp</itemPath>
      </logicalFolder>
      <itemPath>main.cpp</itemPath>
    </logicalFolder>
    <logicalFolder name="TestFiles"
                   displayName="Test Files"
                   projectFiles="false"
                   kind="TEST_LOGICAL_FOLDER">
    </logicalFolder>
    <logicalFolder name="ExternalFiles"
                   displayName="Important Files"
                   projectFiles="false"
                   kind="IMPORTANT_FILES_FOLDER">
      <itemPath>Makefile</itemPath>
    </logicalFolder>
  </logicalFolder>
  <projectmakefile>Makefile</projectmakefile>
  <confs>
    <conf name="Debug" type="1">
      <toolsSet>
        <compilerSet>default</compilerSet>
        <dependencyChecking>true</dependencyChecking>
        <rebuildPropChanged>false</rebuildPropChanged>
      </toolsSet>
      <compileType>
        <ccTool>
          <standard>8</standard>
        </ccTool>
      </compileType>
      <item path="Circle.cpp" ex="false" tool="1" flavor2="0">
      </item>
      <item path="Circle.h" ex="false" tool="3" flavor2="0">
      </item>
      <item path="Coin.cpp" ex="false" tool="1" flavor2="0">
      </item>
      <item path="Coin.h" ex="false" tool="3" flavor2="0">
      </item>
      <item path="Date.cpp" ex="false" tool="1" flavor2="0">
      </item>
      <item path="Date.h" ex="false" tool="3" flavor2="0">
      </item>
      <item path="DivSale.cpp" ex="false" tool="1" flavor2="0">
      </item>
      <item path="DivSale.h" ex="false" tool="3" flavor2="0">
      </item>
      <item path="Fuel.cpp" ex="false" tool="1" flavor2="0">
      </item>
      <item path="Fuel.h" ex="false" tool="3" flavor2="0">
      </item>
      <item path="Inventory.cpp" ex="false" tool="1" flavor2="0">
      </item>
      <item path="Inventory.h" ex="false" tool="3" flavor2="0">
      </item>
      <item path="NumDays.cpp" ex="false" tool="1" flavor2="0">
      </item>
      <item path="NumDays.h" ex="false" tool="3" flavor2="0">
      </item>
      <item path="Odom.cpp" ex="false" tool="1" flavor2="0">
      </item>
      <item path="Odom.h" ex="false" tool="3" flavor2="0">
      </item>
      <item path="Populus.cpp" ex="false" tool="1" flavor2="0">
      </item>
      <item path="Populus.h" ex="false" tool="3" flavor2="0">
      </item>
      <item path="Time.cpp" ex="false" tool="1" flavor2="0">
      </item>
      <item path="Time.h" ex="false" tool="3" flavor2="0">
      </item>
      <item path="main.cpp" ex="false" tool="1" flavor2="0">
      </item>
    </conf>
    <conf name="Release" type="1">
      <toolsSet>
        <compilerSet>default</compilerSet>
        <dependencyChecking>true</dependencyChecking>
        <rebuildPropChanged>false</rebuildPropChanged>
      </toolsSet>
      <compileType>
        <cTool>
          <developmentMode>5</developmentMode>
        </cTool>
        <ccTool>
          <developmentMode>5</developmentMode>
          <standard>8</standard>
        </ccTool>
        <fortranCompilerTool>
          <developmentMode>5</developmentMode>
        </fortranCompilerTool>
        <asmTool>
          <developmentMode>5</developmentMode>
        </asmTool>
      </compileType>
      <item path="Circle.cpp" ex="false" tool="1" flavor2="0">
      </item>
      <item path="Circle.h" ex="false" tool="3" flavor2="0">
      </item>
      <item path="Coin.cpp" ex="false" tool="1" flavor2="0">
      </item>
      <item path="Coin.h" ex="false" tool="3" flavor2="0">
      </item>
      <item path="Date.cpp" ex="false" tool="1" flavor2="0">
      </item>
      <item path="Date.h" ex="false" tool="3" flavor2="0">
      </item>
      <item path="DivSale.cpp" ex="false" tool="1" flavor2="0">
      </item>
      <item path="DivSale.h" ex="false" tool="3" flavor2="0">
      </item>
      <item path="Fuel.cpp" ex="false" tool="1" flavor2="0">
      </item>
      <item path="Fuel.h" ex="false" tool="3" flavor2="0">
      </item>
      <item path="Inventory.cpp" ex="false" tool="1" flavor2="0">
      </item>
      <item path="Inventory.h" ex="false" tool="3" flavor2="0">
      </item>
      <item path="NumDays.cpp" ex="false" tool="1" flavor2="0">
      </item>
      <item path="NumDays.h" ex="false" tool="3" flavor2="0">
      </item>
      <item path="Odom.cpp" ex="false" tool="1" flavor2="0">
      </item>
      <item path="Odom.h" ex="false" tool="3" flavor2="0">
      </item>
      <item path="Populus.cpp" ex="false" tool="1" flavor2="0">
      </item>
      <item path="Populus.h" ex="false" tool="3" flavor2="0">
      </item>
      <item path="Time.cpp" ex="false" tool="1" flavor2="0">
      </item>
      <item path="Time.h" ex="false" tool="3" flavor2="0">
      </item>
      <item path="main.cpp" ex="false" tool="1" flavor2="0">
      </item>
    </conf>
  </confs>
</configurationDescriptor>
